Study_ID,First_Author,Year_Published,Journal,Country,Outbreak_Year,Viral_Species,Study_Design,Prospective_Retro,N_Enrolled,N_Ocular_Exam,Pct_Female,Age_Summary,Paediatric_Included,EVD_Confirmation,HIV_Reported,Pct_HIV_Positive,Assessment_Timing,Time_to_Exam_Months,Examiner_Type,Exam_Methods,VA_Measured,Standardised_Protocol,RoB_Rating,Cohort_Group,Population_Overlap_Notes,Funding,Key_Caveats
S01,Bwaka,1999,,Democratic Republic of the Congo,1995,EBOV (Zaire),cross-sectional,retrospective,137,125,65,mean 38 (range 1-70),Mixed,Serology confirmed,Yes,2.9,Survivor (>6m),,Ophthalmologist,"Slit-lamp, Dilated fundus",Yes,Other,Moderate,Other,Extraction shows 30 distinct quantitative ocular findings; anterior and posterior segment uveitis prevalences reported w,Not stated,"Ocular data limited to late manifestations in survivors only (Table 2). No formal eye exam protocol. Survivors observed 2wk-2mo post-hospitalization. Denominator for ocular outcomes is 19 survivors, n"
S02,Kaweesa,2025,,Uganda,2000,SUDV (Sudan),cross-sectional,not applicable,50,,64.4,median age at infection 20-39 years; median age at enrollment 45-64 years,No,Clinical + discharge certificate,No,,Long-term (>2y),300,Not stated,Not stated,Yes,None,Moderate,Other,Post-acute/survivor phase study (median follow-up 19–34 months from EVD diagnosis). Rich quantitative ocular dataset acr,"Coalition for Epidemic Preparedness Innovations (CEPI) under the Universal Protocol for Standardising Assays and Advancing Vaccine Immunogenicity Assessments for Emerging and Re-emerging Viral Threats, implemented through the Uganda Virus Research Institute (UVRI) as part of CEPI's Centralised Laboratory Network (CLN)",Visual impairment reported as symptom only; no VA measurement or ophthalmologic exam performed. Symptom inventory not administered to controls to avoid recall bias.
S03,Clark,2015,,Uganda,2007,EBOV (Zaire),case series,mixed/other,103,,53.4,median 40.0 (IQR 31-50),Mixed,PCR or serology,No,4.1,Multiple timepoints,29,Non-specialist,Not stated,No,None,High,Other,Meets N≥10 threshold for case series inclusion. Multiple quantitative ocular manifestations documented during acute phas,"Chemical Biological Technologies Directorate, Defense Threat Reduction Agency",No formal ocular exam performed; retro-orbital pain (29%) and blurred vision (39%) reported as symptoms but not measured with standard scales; focused exams not done
S04,Shantha,2022,,Sierra Leone,2013-2016,SUDV (Sudan),cross-sectional,not applicable,45,81,64.4,EVD survivors: mean 11.5 (SD 3.8); Close contacts: mean 9.1 (SD 4.3),not stated,PCR confirmed,No,,Long-term (>2y),300,Ophthalmologist,Not stated,No,None,Moderate,Other,"Long-term follow-up study of acute-phase EVD cohort from 2000 Gulu outbreak, evaluated retrospectively as cross-sectiona","National Institutes of Health R01 EY029594, K23 EY030158; National Eye Institute; Research to Prevent Blindness (Emory Eye Center); Marcus Foundation Combating Childhood Illness; Emory Global Health Institute; Stanley M. Truhlsen Family Foundation",Pediatric-only cohort. Uveitis subtype not specified. Small N (23 survivors). Selection bias possible (symptomatic recruitment). Some EVD IgG-negative but clinically confirmed.
S05,Amuzu,2021,,Sierra Leone,2013-2016,BDBV (Bundibugyo),retrospective cohort,retrospective,206,,50.9,11.08±3.68 (range 5-17),No,PCR or serology,No,,Survivor (>6m),29,Self-report,Not stated,No,Other,Moderate,Other,"BDBV species, Uganda 2007 outbreak, ~29 months post-acute follow-up. Anterior uveitis is the dominant finding; posterior",Pears Foundation,"Self-report only; no ophthalmologist exam; ocular symptoms reported but no formal uveitis/cataract diagnosis; timing post-discharge unclear (Jan-Apr 2017, outbreak ended 2016)"
S06,Balendra,2024,,Sierra Leone,2013-2016,EBOV (Zaire),cross-sectional,prospective,159,128,50.9,"mean 36 (SD ± 14 years, range 5 to 74 years)",Mixed,Not stated,Yes,7.0,Survivor (>6m),,Non-specialist,Not stated,False,None,Moderate,Other,Follow-up >1 year post-outbreak; anterior and posterior segment involvement documented; multiple quantitative prevalence,Bayer Global Ophthalmology Awards Program (GOAP) Grant; National Eye Institute/National Institutes of Health K23 EY030158,"Cross-sectional convenience sample; Ebola-related uveitis n=2 from clinical assessment only; intermediate uveitis n not clearly reported; denominators for uveitis subtypes are all patients (N=128), no"
S07,Bates,2024,,Sierra Leone,2013-2016,EBOV (Zaire),cross-sectional,prospective,128,128,50,median 35.0 (IQR 24.0–42.0),Yes,PCR or serology,Yes,7,Long-term (>2y),72.0,Ophthalmologist,"Slit-lamp, Dilated fundus, Widefield, OCT, Tonometry",Yes,SUN classification,Moderate,Other,"Study appears to be a post-acute phase cohort (follow-up March–September 2022, outbreak 2013–2016). Multiple etiologies ",NIH grant 1R21HD098504,Self-reported vision problems only (44.5%); no formal ophthalmologic examination performed; ocular symptoms not assessed with standardized criteria
S08,Choo,2024,,Sierra Leone,2013-2016,EBOV (Zaire),cross-sectional,retrospective,110,521,54.7,mean 31.1 (SD 16.0),No,laboratory-confirmed + discharge certificate,No,0.6,Long-term (>2y),42.3,Ophthalmologist,Not stated,No,None,Moderate,Other,Post-acute survivor cohort (>6 years post-epidemic); EVD species not stated; multiple quantitative ocular metrics report,"National Eye Institute of the National Institutes of Health (K23 EY030158, R01 EY029594), Macula Society Retina Research Foundation, ARVO Mallinckrodt Young Investigator Grant, Stanley M. Truhlsen Family Foundation, Inc.","Uveitis subtype %s (anterior/posterior/panu) denominator is among uveitis patients only (N=69), not all survivors. Visual impairment N=94 calculated from 18.0% of 521. | visual_impairment_pct recomput"
S09,Diallo,2021,,Guinea,2013-2016,EBOV (Zaire),prospective cohort,prospective,802,,55.68,median 28.7 years (IQR 19.6–39.7),Mixed,Not stated,No,,Long-term (>2y),11.67,Not stated,Not stated,Yes,None,Low,PostEboGui,Multiple quantitative ocular outcomes reported with clear denominators (n/N and %). Follow-up timing ~3.5 years post-inf,Institut National de la Santé et de la Recherche Médicale/Ebola Task Force; REACTing; Institut de Recherche pour le Développement (IRD),"Ocular sequelae reported as composite category (conjunctivitis, iridocyclitis, cataract, glaucoma, vision problems, ocular pain); no specific uveitis prevalence extractable"
S10,Etard,2017,,Guinea,2013-16,Zaire Ebola virus,Prospective multicentre open cohort (observational multidisciplinary),Prospective,802,802,55,"Median 28.4 years (range 1.0–79.9, IQR 19.4–39.8); children (n=158) median 11 years (IQR 6.5–15.1)",Yes,Laboratory-confirmed EVD and declared clear of virus in blood before ETC discharge,No,,"At enrolment (median 350 days, IQR 223–491 after ETC discharge)",11.5,Trained clinicians,Not stated,,Yes,Low-Moderate,PostEboGui,Guinea 2013-2016 Ebola outbreak; 4-year follow-up of survivors; multiple quantitative ocular endpoints with prevalence d,"INSERM/Reacting, French Ebola Task Force, Institut de Recherche pour le Développement","Ocular outcomes assessed by trained clinicians (not ophthalmologists) on standardised sheet; no slit-lamp, fundus examination, tonometry, or formal visual acuity; 'iridocyclitis' used as proxy for uve"
S11,Kelly,2022,,Liberia,2013-16,,Longitudinal cohort study (secondary analysis of PREVAIL III; NCT02431923),Prospective,3679,1957,56,Overall median 25 years (IQR 15–36); survivors median 29 years (IQR 19–40); unrecognised EVD median 25 years (IQR 16–37); pauci-symptomatic median 23 years (IQR 14–34),Yes,"Survivors: PCR-positive and listed in Liberian Ministry of Health EVD Registry; contacts classified by ELISA seropositivity (anti-GP antibody cutoff 548 EU/mL; 94.4% sensitivity, 96.7% specificity)",,,"Baseline (median 317 days, IQR 271–366 from EVD onset) and 12-month follow-up visits",10.4,,Not stated,,Yes,Low,PREVAIL,Large survivor cohort with median 350-day post-discharge follow-up; mixed anterior and posterior segment findings; multi,"National Cancer Institute and National Institute of Allergy and Infectious Diseases, National Institutes of Health",Secondary analysis of PREVAIL III; analytical cohort comprises 991 EVD survivors + 107 unrecognised EVD contacts + 115 pauci-symptomatic/asymptomatic contacts + 2466 uninfected contacts; n_enrolled re
S12,LaVergne,2020,,Sierra Leone,2013-16,Zaire Ebola virus (Makona strain G3845),Cross-sectional immunological study,Retrospective,37,,65,"Mean age 31 years (with sequelae, n=19); mean age 29 years (without sequelae, n=18)",,"Documented clinical history of EVD, treated at Ebola treatment unit",,,Participants surveyed for PES every 6 months post-discharge; exact timing of blood/PBMC collection relative to EVD onset not stated,,,Not stated,,,High,Other,Large survivor cohort with standardized follow-up timing (median 317 days post-acute phase). Species not stated but cons,,"Immunological study; primary outcome is EBOV-specific T-cell response, not ocular disease prevalence; PES defined by self-reported symptoms (arthralgia + ≥2 ocular symptoms considered suggestive of uv"
S13,Schindell,2024,,Sierra Leone,2013-2016,Ebola virus (EBOV/Zaire),Cross-sectional survey,Cross-sectional,998,,52.9,EVD survivors: mean 32.1 years (SD 8.9); close contacts: mean 32.6 years (SD 8.2); recruitment age range restricted to 18-50 years,False,"EVD discharge card or certificate from an Ebola treatment unit in Sierra Leone, dated March 2014 to March 2016",False,,6-8 years post-recovery,72-96 months,Self-report,Not stated,False,,Moderate,Other,"Strong quantitative ocular data across anterior segment (uveitis, pain, tearing, redness), posterior segment (uveitis, f",,"Self-reported symptom survey only; no clinical ocular examination performed (no slit-lamp, VA measurement, dilated fundus exam, or imaging); all ocular data are self-reported symptoms (eye pain AOR 1."
S14,Shantha,2021,,Sierra Leone,2013-2016,EBOV (Zaire),Prospective interventional cohort study (protocol-driven EBOV RNA testing pre-cataract surgery),Prospective,50,50,,,True,Not explicitly stated for EVICT participants; survivors recruited via National Eye Screening Programme and Sierra Leone Association of Ebola Survivors,True,,Median 19 months (Phase 1) and 34 months (Phase 2) post-EVD diagnosis,Median 19 months (Phase 1) and 34 months (Phase 2) post-EVD diagnosis,Ophthalmologist,Not stated,True,True,Moderate,Multi-phase follow-up study (Phase 1: median 19 mo,"Eight-year post-recovery follow-up of EVD survivors. Multiple quantitative ocular metrics reported. Eye redness, eye pai","Research to Prevent Blindness Inc. (unrestricted departmental grant, Emory Eye Center); NIH/NEI P30-EY06360; NIH/NEI K23 EY030158 (Shantha); NIH R01 EY029594 (Yeh); Macula Society Retina Research Foundation Cox Family Grant; Bayer Global Ophthalmology Awards Program; ARVO; Mallinckrodt Foundation Young Investigator Award; Santen Inc.; Sitaraman Family Foundation; Stanley M. Truhlsen Family Foundation",Implementation science paper; primary clinical outcome data published in prior work; all 50 enrolled were pre-selected EVD survivors with cataract requiring surgery (cataract_pct not interpretable as 
S15,Steptoe,2020,,Sierra Leone,2013-2016,"Ebola virus disease, West African epidemic (species not explicitly named in paper)",Prospective observational cohort study with 1-year follow-up (re-examination of previously studied symptomatic EVD survivors),Prospective,57,57,64.9,Mean (SD) 31.9 (11.1) years; median 30 years (IQR 25.5-39.5 years) at time of follow-up examination,,Valid discharge certificate from Ebola treatment unit; identity confirmed at follow-up by retinal vasculature morphology comparison,True,1.8,Multiple timepoints: baseline (~13.1 months post-discharge) and follow-up (~25.6 months post-discharge),"Baseline: median 13.1 months (397 days, IQR 351-449.5) from ETU discharge; last (follow-up) examination: median 25.6 months (779 days, IQR 732-821) from ETU discharge; median interval between examinations 370 days (IQR 365-397.5)",Ophthalmologist,Not stated,True,True,Moderate,Other,Multi-phase follow-up study (Phase 1: median 19 months; Phase 2: median 34 months post-EVD) with surgical data; 14 disti,,"Cohort drawn exclusively from survivors who had previously reported ocular symptoms (clinic-based, not population-representative); generalisation to overall EVD survivor population is uncertain; 57/72"
S16,Taraborelli,2023,,Sierra Leone,2013-2016,Ebola virus (EBOV),Prospective cohort study; sub-analysis of EVICT study assessing cataract surgery outcomes and vision-related quality of life in EVD survivors,Prospective,50,50,67,Mean 29 (SD 15) years for n=46 eligible for cataract surgery (7 missing age data); cataract surgery subgroup mean 27 (SD 15) years,Yes,EBOV-IgG seropositivity or ETU discharge certificate documenting prior virologic confirmation of EVD,No,,Post-EVD convalescence; EVICT study conducted June 2016–August 2017,,Ophthalmologist,Not stated,Yes,Yes (EVICT protocol),Moderate,Study includes surgical intervention outcomes (MSI,Steptoe 2020 is a landmark long-term follow-up study (median 779 days post-discharge) of EVD survivors from Sierra Leone,,"Sub-analysis of EVICT study (Sierra Leone, June 2016-August 2017) focused exclusively on cataract surgery outcomes and vision-related QoL; all 50 EVICT participants were pre-selected for having eye di"
S17,Tiffany,2016,,Sierra Leone,2013-2016,EBOV (Zaire),Prospective cohort study using routinely collected MSF survivor clinic data,Prospective,166,97,44.5,Mean 24.7 (SD 12.7) years overall; adults (>=16 y) mean 29.4 (SD 10.5); children (<=15 y) mean 9.1 (SD 4.1),Yes,Laboratory confirmed EVD required; POW ETC survivors also confirmed by ETC records,Yes,0,Post-EVD; mean 51.1 days (SD 41.2) from ETC discharge to first follow-up visit; clinic period February–June 2015,1.7,Medical doctors at MSF clinic for initial VA assessment; ophthalmologists at Lowell and Ruth Gess UMC Eye Hospital for formal ocular diagnosis,"Slit-lamp, Tonometry",Yes,Yes,Low,Other,Study includes surgical intervention outcomes (MSICS ± IOL) with pre/post visual acuity measured by logMAR; multiple ant,,"Uveitis denominator is all 166 survivors; however, formal ophthalmological diagnoses were based on referral to eye hospital for those with suspected ocular complications (97 referred; 94 had confirmed"
S18,Fitzgerald,2018,,Sierra Leone,2014-2015,Ebola virus (EBOV),Retrospective multicenter cohort study; pediatric EVD triage/case-definition predictive score development in acute-phase EHU admissions; NOT an EVD ocular complications or survivor follow-up study,Retrospective,1054,,51,"Median 4 years (IQR 1.3-8.0); all children <13 years; EVD-positive median 6 years (IQR 3-10), EVD-negative median 3 years (IQR 1-7)",Paediatric only,Laboratory confirmed (RT-PCR),No,,During acute EVD illness at Ebola holding unit admission (August 2014–March 2015); not survivor follow-up,,,Not stated,,,Moderate,Other,"Follow-up conducted 3 February–21 June 2015 in Sierra Leone (EBOV/Zaire, 2013–2016 outbreak). Multiple anterior and post",,"This is a pediatric EVD triage and case-definition score development study, NOT an EVD ocular complications or survivor study. Data collected during acute EVD illness at Ebola holding units with no su"
S19,Guetiya Wadoum,2017,,Sierra Leone,2013-2016,Zaire ebolavirus,Cross-sectional survey within a survivor cohort (mobile health clinic observational study),Prospective,246,246,60.2,Mean age 27 years; 25/246 (10.2%) aged <18 years; 6/246 (2.44%) aged <5 years,True,Anti-GP and anti-NP IgG ELISA (all 246 confirmed seropositive); qRT-PCR negative for EBOV RNA in all 246,True,0,"MHC operated February 7, 2015 to June 10, 2016 (16 months); data collection initiated 9 months after outbreak began and ended 26 months later (7 months after Sierra Leone declared Ebola-free by WHO)",9+ months post-outbreak start; exam period Feb 2015 - Jun 2016,Non-specialist (trained nurses and clinical officers; serious ocular cases referred to eye clinic),Not stated,,True,High,Other,Study includes both anterior and posterior segment findings with quantified prevalence percentages. Vernal keratoconjunc,,Ocular problems reported in 84/246 (34.1%) but assessed by trained nurses/ophthalmic nurses without slit-lamp; paper explicitly states frequency of uveitis could not be determined due to absence of sl
S20,Mattia,2016,,Sierra Leone,2014-2015,Ebola virus (EBOV),cross-sectional,retrospective,277,277,59,median 29 years (IQR 20-36),Yes,Real-time RT-PCR on serum; discharged after clinical improvement and negative convalescent RT-PCR,,,median 121 days (IQR 82–151) from ETU discharge to first survivor clinic visit,3.98,Ophthalmologist,"Slit-lamp, Dilated fundus",Yes,Yes,Moderate,Other,Study conducted during acute phase in Sierra Leone 2014–2015 outbreak; anterior segment findings documented with prevale,Canadian Institutes of Health Research,"Dilated fundoscopy performed selectively (only patients with ocular symptoms, decreased VA, or slit-lamp abnormalities), not universally in all 277. Uveitis subtypes (anterior 31, posterior 18, interm"
S21,Wing,2018,,Sierra Leone,2014-2015,Zaire ebolavirus (EBOV),historical cohort,retrospective,263,137,57,median 21 years (IQR 14-30) among 138 survivor clinic attendees; median 25 years (IQR 14-35) among all 263 EBOV-positive patients,Yes,RT-PCR (Altona RealStar Filovirus RT-PCR Kit; onsite Public Health England laboratory at Kerry Town ETC),,,median 109 days (IQR 91–210) from ETC discharge to first survivor clinic visit,3.58,General clinician (non-ophthalmologist); specialist referral arranged for those with relevant symptoms,Not stated,No,Yes,Moderate,Other,"Post-acute/survivor phase follow-up (9–26 months post-outbreak); EBOV/Zaire, Sierra Leone 2014–2015 outbreak. Seven dist",Save the Children Ebola Emergency Public Appeal; UK Government Department for International Development (PHE EVD laboratory),"No formal ophthalmic examination performed; all ocular outcomes are self-reported symptoms in preceding 7 days (ocular pain, photophobia, hyperlacrimation, loss of vision, foreign body sensation, red "
S22,Eghrari,2021,,Liberia,2014-2016,EBOV (Zaire),prospective cohort,prospective,277,30,53.3,"median 61 (IQR 42, 68.8)",No,Serology confirmed,No,,Long-term (›2y),36.7,Ophthalmologist,"Slit-lamp, Dilated fundus, OCT, Tonometry",Yes,PREVAIL,Low,PREVAIL,Post-acute follow-up at median 121 days post-discharge; comprehensive anterior and posterior segment quantitative data; ,"National Institute of Allergy and Infectious Diseases, National Eye Institute, National Institutes of Health, US Agency for International Development","Cataract surgery outcomes study, not primary ocular complications screening; uveitis history at 50% is pre-surgery baseline prevalence"
S23,Fashina,2024,,Sierra Leone,2013-2016,EBOV (Zaire ebolavirus),post-hoc retrospective cross-sectional analysis,retrospective,121,121,70,mean 31.5 +/- 16.1 years,Yes,Implied (EVD survivors identified via MOHS Eye Care Program and Sierra Leone Association of Ebola Survivors or local eye clinic referrals; original ETU RT-PCR confirmation not restated),No,,March 2015 to March 2016 (EVICT study screening period); exact time from ETU discharge not stated,,Ophthalmologist,"Slit-lamp, Dilated fundus",Yes,Partial (EVICT study protocol applied to enrolled subset; broader screening cohort followed a structured but not fully standardised exam),High,Strong anterior segment dataset with quantified pr,Post-acute/survivor phase assessment during or after treatment at ETC. Multiple anterior segment findings (conjunctiviti,"NIH/NEI R01 EY029594 (Yeh), K23 EY030158 (Shantha); Macula Society Retina Research Foundation Cox Family Grant; ARVO Mallinckrodt Foundation Young Investigator Award; Stanley M. Truhlsen Family Foundation; NCI Contract No. 75N91019D00024 (Crozier)",Severe selection bias: EVICT study enrolled only patients with active uveitis or anticipated to benefit from cataract surgery; cohort is not representative of all EVD survivors. Primary outcome is CCA
S24,Fashina,2023,,Sierra Leone,2013-2016,EBOV (Zaire ebolavirus),post-hoc retrospective cross-sectional analysis (conference abstract),retrospective,121,121,70,median 28.5 +/- 16.2 years per abstract (likely mislabelled; full paper S23 reports mean 31.5 +/- 16.1 years),Yes,Implied (EVD survivors from EVICT study screening),,,Not stated in abstract; median ETU stay 21 +/- 18.4 days,,"Ophthalmologist (comprehensive ophthalmic exam at Lowell and Ruth Gess Kissy Eye Hospital, Freetown)","Slit-lamp, Dilated fundus",Yes,Partial (EVICT study protocol),High,Other,Study includes surgical case series component (cataract surgery outcomes) integrated with clinical cohort; multiple quan,,"Conference abstract only (ARVO Annual Meeting 2023, New Orleans); same patient cohort as Fashina 2024 (S23) — identical selection bias applies (EVICT cohort selected for uveitis or cataract surgery ca"
S25,Green,2016,,Sierra Leone,2014-2015,Zaire ebolavirus (EBOV),cross-sectional cohort study,prospective,112,,55,median 21.5 years (IQR 14-31.5),Yes,RT-PCR (blood Ebola virus RT-PCR positive),,,median 142 days (IQR 127–159) from ETU discharge to specimen collection,4.73,,Not stated,No,Yes,Low,Other,Strong anterior segment dataset with quantified prevalence for 22 distinct ocular findings. Visual acuity measured by Sn,Save the Children International; Public Health England (PHE EVD laboratory funded by UK Government Department for International Development),"Primary study purpose is EBOV RNA persistence in body fluids/sites; no formal ophthalmic examination performed; no uveitis, VA, or ocular disease diagnoses reported. Conjunctival swabs from one eye pe"
S26,Hereth-Hébert,2017,,Guinea,2013-2016,Zaire ebolavirus,Prospective observational multicenter cohort study,Prospective,517,341,56.0,"Median age 26.9 years (IQR 19.2-36.1); youngest 1.6 years, oldest 73.4 years",True,Two negative blood PCR results and ETC discharge certificate; eligible from age >1 year,,,"Cohort enrollment started March 2015; eye examinations conducted at 4 time windows (June 8–12 2015, January 18–February 3 2016, March 7–22 2016, April 28–May 20 2016); median time from ETC discharge to uveitis onset 53 days (IQR 31–208) in 24 patients with known date; maximum uveitis onset interval 13 months; relapses documented up to 13 months post-discharge",,Ophthalmologist (eye investigator at ophthalmic departments of Donka National Hospital and Nzérékoré Regional Hospital; photographs reviewed by uveitis specialist),Not stated,True,True,Moderate,Other,Likely abstract version of Fashina 2024 — flag as duplicate; use full paper for extraction. | ⚠ Same cohort/N as Fashina,French Government through REACTING/INSERM; French Ebola Task Force; Institut de Recherche pour le Développement (IRD); Fondation de France,"Anterior uveitis (47.8%), posterior uveitis (28.3%), and panuveitis (8.7%) percentages are denominated among uveitis patients (N=46), not all examined survivors (N=341); an additional 7 uveitis cases "
S27,Howlett,2018,,Sierra Leone,2013-2016,EBOV (Zaire),Prospective observational case series of neurologic sequelae (neurologically-selected sub-cohort from a survivor clinic; ophthalmology performed as secondary assessment in specialist clinic subset only),Prospective,334,17,49.7,Median age 28 years (IQR 23.0-37.0) for 334 included cohort patients; median 32 years (IQR 25-43) for 40 preliminary clinic attendees; inclusion criterion ≥12 years of age,True,Ebola survivor discharge certificate; clinical certification by 34MH ETU staff,,,"Study conducted February 4–May 10, 2016; preliminary clinic attendees seen median 430 days (IQR 401–473) after first positive diagnostic result",14.3,Ophthalmologist,Not stated,,,Low,Other,"Post-acute phase study (median 142 days post-discharge); EBOV, Sierra Leone 2014-2016. Anterior segment focus with viral",,"Study designed to characterise neurological sequelae, not to estimate ocular disease prevalence; ophthalmology performed in only 17/361 survivors (highly selected pathway: neurological symptom criteri"
S28,Jagadesh,2018,,Sierra Leone,2014-2016,,Retrospective case-controlled cohort study,Retrospective,81,,77.8,Adults only (>19 years); 77.8% of survivors aged >25 years; 53.7% of controls aged >25 years; exact median not stated,False,PCR confirmed; EVD discharge certificate also required,,,Recruited at ≥12 months post-discharge; median 18 months post-discharge at time of study (June 2016),18,Self-report,Not stated,False,Washington Group Disability Extended Questionnaire (self-reported; validated),Low,Other,Strong study for review; ongoing follow-up (at least 1 year expected); comprehensive ocular assessment with multiple qua,Wellcome Trust ERAES program (grants to J.T.S. and M.G.S.); UK NIHR Health Protection Research Unit in Emerging and Zoonotic Infections; Wellcome Trust (104480/Z/14/Z) and UK Ministry of Defence (T.F.); Master's dissertation Liverpool School of Tropical Medicine,No formal ophthalmic examination performed; all vision outcomes self-reported via Washington Group Disability Extended Questionnaire only (not clinical VA or slit-lamp assessment); self-reported blurr
S29,Kangbai,2019,,Sierra Leone,2014-2016,,Observational retrospective study,Retrospective,139,,56.1,Median 9 years (IQR 4 to 11 years); 0 to <5 years: 37 (26.6%); 5 to <10 years: 42 (30.2%); 10 to <15 years: 60 (43.2%),True,"Real-time quantitative reverse transcriptase polymerase-chain-reaction (qRT-PCR) at National Public Health Laboratory, Lakkah, Freetown",,,Acute phase during EVD treatment at ETC admission (June 2014 to April 2015); no post-discharge follow-up,,,Not stated,False,,Moderate,Other,N=35 meets case series threshold (≥10). Multiple quantitative ocular metrics reported with denominators. Extract team sh,,Acute EVD treatment outcomes study — not an ocular sequelae or survivor study; no formal ophthalmic examination performed; conjunctivitis recorded as a clinical admission symptom in 20/139 (14.4%) pae
S30,Kulkarni,2026,,Liberia,2014-2015,EBOV (Zaire),cross-sectional,prospective,754,754,57.4,Pediatric survivors: mean 12.0 (SD 3.2); Pediatric contacts: mean 12.1 (SD 3.1); Adult survivors: mean 34.5 (SD 11.7),Mixed,Serology confirmed,Yes,,Survivor (>6m),,Ophthalmologist,"Slit-lamp, Dilated fundus, OCT, Tonometry",Yes,PREVAIL,Low,Other,"Prospective follow-up at 12 months post-discharge in survivor cohort (acute EVD phase excluded, post-acute sequelae phas","National Cancer Institute, National Institutes of Health, under Prime Contract 75N91019D00024, Task Order 75N91020F00004 & 75N91024F00012; National Institute of Allergy and Infectious Diseases (NIAID); Research to Prevent Blindness; Africa Centres for Disease Control and Prevention (Africa CDC)",Cross-sectional baseline analysis; BCVA <20/40 reported but not mild/moderate/severe categories; intermediate uveitis also reported (6.8%)
S31,Mattia,2016,,Sierra Leone,2014-2016,,Retrospective review (conference abstract; ARVO Annual Meeting 2016),Retrospective,277,50,,,,,,,Post-discharge; uveitis symptoms onset median 3 weeks (IQR 0.4-8.6 weeks; range 0-17.2 weeks) after discharge from Ebola treatment centre; time to ophthalmologic assessment not stated,,,Not stated,True,,High,Other,Species not stated but Sierra Leone 2014–2015 context confirms EBOV. Single anterior segment finding reported; no poster,,"Conference abstract only — methodological detail severely limited; four distinct denominators used (277 parent cohort, 50 uveitis patients, 68 eyes affected by uveitis, 62 eyes with VA data); uveitis "
S32,Mudalegundi,2023,,Liberia,2014-2016,Zaire ebolavirus,Longitudinal cohort study,Prospective,565,565,,,Yes,Serologic (anti-Ebola virus IgG antibody titre ≥548 U/mL on Filovirus Nonclinical Animal Group assay),,,Baseline at median ~11 months post symptom onset; annual follow-up for up to 60 months (5 visits),11,Ophthalmologist,"Slit-lamp, Dilated fundus, OCT, Tonometry",Yes,Yes,Low,PREVAIL,Large pediatric-focused cohort from 2014–2016 Liberia outbreak (EBOV/Zaire). Rich quantitative data across anterior segm,"National Institute of Allergy and Infectious Diseases (NIH); National Cancer Institute (NIH); National Eye Institute (NIH K12 EY015025-10, L30 EY024746); Liberian Ministry of Health; Research to Prevent Blindness; Tolsma Family; American Society of Cataract and Refractive Surgery Foundation","Primary outcome is IOP, not uveitis or visual outcomes; active and inactive uveitis listed only as IOP risk factors in Table 3 without prevalence counts; no demographic breakdown (sex, age) reported f"
S33,Shantha,2017,,Liberia,2014-2015,EBOV (Zaire),cross-sectional,retrospective,96,96,54,median 38.6 (IQR 29.0-47.5),Mixed,PCR or serology,No,,Survivor (>6m),,Ophthalmologist,"Slit-lamp, Dilated fundus, Tonometry",Yes,None,Moderate,Study conducted during convalescence phase (post-a,Study enrolled 277 total participants but 50 are confirmed EVD; post-acute phase (median 3 weeks post-discharge). Specie,Serving in Mission (SIM)/Eternal Love Winning Africa,Referral bias: patients referred if ocular symptoms. No baseline population data for comparison. Retrospective cross-sectional design. | anterior_uveitis_pct recomputed from n/N (2/96=2.1%) | posterio
S34,Shantha,2019,,Liberia,2014-2016,EBOV (Zaire),Cross-sectional screening study (clinic development report),Prospective,96,96,,,,EVD survivor certificate verification,,,2015 (post-acute EVD survivor clinic at ELWA Hospital),,Ophthalmologist,"Slit-lamp, Dilated fundus, Tonometry",Yes,Yes,High,Comprehensive ocular manifestation screening study,Large cohort with robust follow-up (67.8% retention at 5 years); comprehensive anterior and posterior segment characteri,Research to Prevent Blindness (unrestricted); NIH/NEI core grant P30-EY06360; NIH K12HD085850; Alcon Research Institute Young Investigator Grant; Bayer Global Ophthalmology Awards Program; Santen Inc. (unrestricted); Marcus Foundation; Emory Global Health Institute; SIM/ELWA Hospital,"Primarily a clinic development/methods paper; full clinical outcome data reported in companion paper (Shantha et al, Ophthalmology 2017) rather than this paper; convenience sample recruited from ELWA "
S35,Steptoe,2018,,Sierra Leone,2014-2016,,Prospective case series,Prospective,14,14,43,Mean (SD) 37.1 (8.8) years,No,,No,,January 2016 to April 2017,,Ophthalmologist,"Dilated fundus, Widefield, OCT",Yes,Yes,Moderate,Other,Study conducted during convalescence phase (post-acute EVD); Ebola species not stated; 105 distinct ocular findings extr,"Global Ophthalmology Awards Programme Grant (Bayer); Dowager Countess Eleanor Peel Trust; Wellcome Trust Enhancing Research in Epidemic Situations Programme; NIHR Health Protection Research Unit in Emerging and Zoonotic Infections; British Medical Association Humanitarian Fund; equipment support from Optos PLC, Topcon, CBM Italia, Onlime Sierra Leone",Highly selected sample: 14 participants specifically enrolled for having the characteristic Ebola retinal lesion type on UWF imaging (strict morphological criteria from prior case-control study); 8.8%
S36,Steptoe,2017,,Sierra Leone,2014-2016,Zaire Ebola virus (EBOV),Prospective case-control,Prospective,82,82,,Median 28 years (IQR 22-38) for EVD survivors; median 41 years (IQR 30-48) for controls,,Discharge certificate from Ebola treatment center,False,,January–June 2016; medium-term follow-up (median 411 days post-ETU discharge),Median 411 days from ETU discharge (IQR 368–470; n=70),Local ophthalmic clinical officers (first 35% of anterior chamber exams supervised by UK ophthalmologist); retinal images graded by 2 independent masked UK ophthalmologists with specialist interest in medical retina; third consultant as arbitrator,Not stated,True,True,Moderate,Other,Comprehensive ocular manifestation screening study with 27 distinct findings extracted; visual acuity assessment using S,,Symptomatic EVD survivors only (recruited via clinic database of those with prior ocular complaints plus word-of-mouth/social media); not representative of all EVD survivors—selection bias toward more
S37,Tozay,2020,,Liberia,2014-2016,Ebola virus,Longitudinal observational cohort,Prospective,326,,44.8,Mean 31.5 years (range 5.1-68.6),True,Discharge certificate from ETU verified by photo identification,False,,Baseline mean 408 days post-ETU discharge; quarterly visits over approximately 3 years,13.6,Research associates trained in Good Clinical Practice; symptom questionnaire only—no ophthalmologist,Not stated,False,False,High,Other,"Post-acute/survivor phase EVD population (follow-up January 2016–April 2017, outbreak 2014–2016). Comprehensive ocular a",,"No ophthalmological examination performed; all visual outcome data are self-reported via symptom questionnaire (Wahler-based expansion)—cannot extract uveitis, cataract, VA, or any clinical ocular mea"
S38,Van Nguyen,2023,,Sierra Leone,2014-2016,,Post-hoc retrospective cross-sectional chart review (sub-analysis of EVICT study cohort),Retrospective,121,121,70,"Mean 31.5 ± 16.1 years, range 4-70 years",True,,False,,Post-hoc analysis of EVICT study charts; timing relative to acute EVD not specified in abstract,,Not specified (medical chart review of EVICT study data),Not stated,True,,High,Conference abstract — data may overlap with full F,"Content confirmed via full-text read: Emerging Infectious Diseases case-control, N=82 EVD survivors + 105 controls, Free",,Conference abstract only; limited methodological detail throughout. Post-hoc retrospective chart review of the EVICT study (Ebola Virus Persistence in Ocular Tissues and Fluids Study). Analysis unit s
S39,Vandy,2018,,Sierra Leone,2014-2016,,Retrospective programmatic cohort,Retrospective,2667,2667,57,"Stratified as <18, 18-40, >40 years; older patients more likely to report eye symptoms (p<0.001)",Yes,,,,Campaign March 2015 to March 2016; retrospective programmatic data,Median 290 days (IQR 182-360) from discharge to first eye care visit,National ophthalmologists and mid-level ocular specialists,Not stated,Yes,,Moderate,Other,"Survivor cohort, post-acute phase (mean 408 days from acute illness); longitudinal design with quarterly follow-up. Seve",,"Abstract only; limited methodological detail. Uveitis_any_pct (17.6%) is among all 2667 enrolled survivors. Blindness (19% at first visit, 13% at most recent follow-up) and cataract (26.2%) rates are "
S40,Vandy,2016,,Sierra Leone,2014-2016,,Retrospective clinical cohort (baseline cross-sectional analysis),Retrospective,277,266,,"Increasing age associated with worsening visual acuity (Spearman +0.30, p<0.001); no mean/median stated",,,,,"March 7 to April 24, 2015 (baseline examination)",,,Not stated,Yes,,Moderate,Other,Conference abstract — data may overlap with full Fashina 2024 / Shantha cohort papers. Note overlap risk at extraction. ,,"Abstract only. Uveitis reported per eye (62/532 eyes; 11.7%), NOT per patient; patient-level uveitis prevalence not stated. Cataract reported per patient (21/277; 7.6%) and per eye (31/532; 5.8%); per"
S41,de St Maurice,2018,,Liberia,2014-2016,,Retrospective chart review,Retrospective,329,,58,"Mean age 33 years (range 0.9-75); IQR 24-41 years; 13% children <18 years; age groups: <5 (3%), 5-17 (10%), 18-49 (70%), 50-64 (8%), >65 (9%)",Yes,ETU discharge certificate or reported history of EVD illness; included only if ETU discharge date recorded in medical chart,Yes,,"January 2015 to March 2017; visits ranged from 0 to 30 months post-ETU discharge, with 60% at 6–18 months and 30% at ≥24 months",Mean 288 days (approximately 9.6 months) from ETU discharge to first clinic visit; range 4–909 days; 60% of visits at 6–18 months post-discharge; 30% at ≥24 months,Non-specialist (ELWA clinic clinicians; slit-lamp examination dependent on availability of trained clinicians),Slit-lamp,No,Yes,High,Other,Conference abstract — check for full published paper (likely published as Shantha/Vandy Sierra Leone cohort paper). If f,,"General EVD survivor clinic study; not an ophthalmology-specific study. Uveitis diagnosed by clinic clinicians, not systematic ophthalmological examination; slit lamp use dependent on trained clinicia"
S42,Eghrari,2021,,Liberia,2014-2016,Zaire ebolavirus (EBOV),Baseline cross-sectional analysis within a 5-year prospective longitudinal cohort study (PREVAIL III eye substudy),Prospective,564,564,56.7,Mean (SD) 30.3 (14.0) years,Yes,Serologic (ELISA IgG antibody titer ≥548 U/mL against Ebola virus glycoprotein; Filovirus Non-Clinical Animal Group assay),,,Post-acute; median 338 days (IQR 293–385) from symptom onset to enrollment; mean additional 100 days (SD 94) from enrollment to eye examination,Median 338 days (~11.3 months) from EVD symptom onset to enrollment; mean additional 100 days (SD 94; ~3.3 months) from enrollment to eye examination (total ~14.5 months from onset to eye exam),Licensed ophthalmologist,Not stated,True,True,Low,PREVAIL,"Baseline cross-sectional assessment within survivor cohort (March–April 2015, 6–12 months post-acute EVD). Multiple quan","NIAID/NIH (PREVAIL partnership between Liberia Ministry of Health and Social Welfare and US National Institute of Allergy and Infectious Diseases, NIH)",Includes 635 antibody-negative close contacts as controls (survivor denominators above exclude controls); uveitis prevalence 26.4% is among all 564 serologically confirmed survivors; intermediate uvei
S43,Hartley,2024,,Sierra Leone,2014-2016,Zaire ebolavirus (EBOV),Prospective case series; secondary analysis of EVICT study cataract surgery cohort with 12-month follow-up and histopathology,Prospective,50,34,58.8,Median 22.5 years (IQR: 16.5–33),Yes,Identified by Sierra Leone Ministry of Health National Eye Care Program; EVD confirmation method not explicitly stated in this paper,,,Post-acute; patients identified March 2015–March 2016; screened June 2016–August 2017; surgical outcomes reported at 6 and 12 months post-MSICS,,Ophthalmologist,Not stated,True,True,Moderate,Study focused on post-surgical outcomes (MSICS wit,Follow-up study of post-acute EVD survivors in Liberia; mean 288 days from ETU discharge. Multiple quantitative ocular m,"NEI/NIH R01 EY029594, K23 EY030158; NCI/NIH Contract No. 75N91019D00024; Macula Society Retina Research Foundation Cox Family Grant; ARVO Mallinckrodt Foundation Young Investigator Award; Stanley M. Truhlsen Family Foundation",Highly selected population: all 34 subjects had visually significant cataract requiring MSICS — not representative of general EVD survivor ocular disease; secondary analysis of EVICT study (137 screen
S44,Mwanza,2024,,Democratic Republic of the Congo,2018-2020,Zaire ebolavirus (EBOV; Orthoebolavirus zairense),Program implementation report with descriptive cross-sectional ophthalmic screening,Prospective,237,237,56.0,Range 3 months to 70 years,Yes,Registered EVD survivor discharged from EVD treatment center per DRC MOH programme; serologic confirmation not explicitly stated,,,Post-acute; mean 4.6 months ± 1.8 SD (range: 24 days to 8.5 months) from EVD symptom onset to evaluation,4.6,Ophthalmologist (visiting international and trained DRC national ophthalmologists),Not stated,True,Structured programme protocol,High,Other,"Large survivor cohort from West African EVD outbreak (Liberia, 2014–2016). Comprehensive anterior and posterior segment ","WHO (EVD response); NIH/NEI R01 EY029594, R01 EY031894; NCI/NIH Contract No. 75N91019D00024; Macula Society Retina Research Foundation; Stanley M. Truhlsen Family Foundation",Program implementation report rather than formal research study; no control group; uveitis prevalence <1% markedly lower than West African outbreak studies — authors caution this reflects a single cro
S45,Mwanza,2025,,Democratic Republic of the Congo,2018-2020,EBOV (Zaire),Case-control,Prospective,120,120,60.0,Mean 29.7 ± 10.6 years,Yes,Laboratory confirmed (DRC 2018-2020),No,,Long-term (>2y),42.0,Ophthalmologist,"Slit-lamp, Dilated fundus, Tonometry",Yes,Yes,Moderate,Other,Case-control study: 120 EVD survivors matched 1:1 with close contacts (n=120) and healthy controls (n=120) from DRC 2018-2020 outbreak. No overlap with EVICT/PREVAIL/PostEboGui cohorts.,NIH/NEI and University of North Carolina,"Case-control; DRC 2018-2020 EBOV outbreak; n=120 survivors, mean time to assessment 3.5 years. Primary finding: optic neuropathy 8/120 (6.7%). Uveitis (any) 8/120 (6.7%), far lower than West African c"
S46,Muwonge,2025,,Democratic Republic of the Congo,2018-2020,SUDV (Sudan),prospective cohort,Prospective,87,237,56,3 months to 70 years,Yes,PCR confirmed,No,,Multiple timepoints,24,Non-specialist,Not stated,Yes,Other,Moderate,Other,Ebola species not stated but DRC 2018–2020 outbreak context confirms EVD. Follow-up mean 4.6 months captures post-acute/,"WHO, NIH R01 EY029594, R01 EY031894, NCI Contract 75N91019D00024, Macula Society Retina Research Foundation, Stanley M. Truhlsen Family Foundation","Study was a screening program implementation report during active outbreak. Only 2 active uveitis cases identified among 237 survivors (0.8%). Additional findings mentioned include retinal scarring, d"
S47,Muwonge,2025,,Uganda,2022-2023,SUDV (Sudan),prospective cohort,prospective,87,,35.6,mean 31 (SD 14),Yes,PCR confirmed,Yes,5.7,Multiple timepoints,,Specialist,Not stated,No,None,Moderate,Other,"Follow-up mean 3.5±0.5 years post-EVD onset (DRC, 2018–2020 cohort). Comprehensive anterior and posterior segment docume","U.S. National Institute of Allergy and Infectious Diseases/National Institutes of Health (NIAID/NIH), grant number U01AI151799, through the Centre for Research in Emerging Infectious Diseases-East and Central Africa (CREID-ECA). Bronwyn Gunn and John Schieffelin supported by NIH/NIAID R01AI175698.","Ophthalmologic symptoms reported (20% vs 3.4% controls, RR=5.9, p<0.001) but no formal ocular examination performed. Self-reported symptoms only (blurry vision, eye pain, watery eyes, vision loss, dry"
S48,Kaweesa,2026,,Uganda,2022,BDBV (Bundibugyo),cross-sectional,Prospective,40,,42.5,"Mean 31 (SD 14) years, Median 30 (IQR 23,38)",No,Laboratory-confirmed,Yes,5.7,Long-term (>2y),Approximately 200 months (16–17 years post-outbreak),Trained study nurses and medical officer,Not stated,,Yes,Moderate,Other,"Long-term follow-up study (24 months post-infection with assessments at 3, 9, 12, 15, 24 months). Multiple quantitative ",,"This study focuses on Sudan ebolavirus (SUDV) survivors and reports ophthalmologic symptoms (eye pain, blurry vision, dry/watery eyes, vision loss) at 20% prevalence among 80 survivors at 24 months. S"
S49,Shantha,2018,,Sierra Leone,2013-2016,Ebola virus (EBOV),Cross-sectional,Prospective,50,137,70,Median 24.0 years (IQR 17-35),Yes,Serologic (ReEBOV IgG ELISA; 49/50 seropositive) plus clinical EVD history,Yes,2,Convalescence (Phase 1: June 2016; Phase 2: July-August 2017),Phase 1: median 19 months (IQR 18-20); Phase 2: median 34 months (IQR 32-36) from EVD diagnosis,Retina Fellowship-trained ophthalmologists,"Slit-lamp, Dilated fundus, Tonometry",Yes,Yes (SUN guidelines for anterior chamber cell grading; ICD-10 for blindness definition),Moderate,Post-acute/survivor phase EVD population with comp,Post-acute/survivor phase study with quantifiable prevalence data for multiple ocular manifestations. Uveitis mentioned ,,"Highly selected cohort enrolled specifically for severe ocular disease (visually significant cataract or active uveitis) - uveitis_any_n=46 (92%) reflects lifetime history of uveitis, not prevalence i"
S50,Berry,2021,,Sierra Leone,2013-2016,EBOV (Ebola virus),Cross-sectional (post-hoc secondary analysis of EVICT study baseline data),Retrospective,125,125,65,Median 28 years (IQR 17-45),Yes,Serology confirmed,,,,,Ophthalmologist,"Slit-lamp, Dilated fundus",Yes,EVICT,Moderate,Extraction shows 30 distinct quantitative ocular f,Long-term survivor follow-up (16 years post-infection); BDBV species in Uganda; visual function quantified as prevalence,Research to Prevent Blindness Inc. (unrestricted departmental grant to Emory Eye Center); NEI/NIH P30-EY06360; NEI/NIH K23 EY030158 (Shantha); NEI/NIH R01 EY029594 (Yeh); Macula Society; Bayer Global Ophthalmology Awards Program; ARVO Mallinckrodt Foundation Young Investigator Award (Yeh); Santen Inc.; Sitaraman Family Foundation,Post-hoc secondary analysis of EVICT study baseline data; explicit selection bias - patients referred for vision symptoms/cataract (symptomatic presentation likely overestimates ocular disease burden 
S51,Li,2018,,,,EBOV (Zaire),Commentary,,,,,,,,,,Survivor (>6m),,Ophthalmologist,Slit-lamp,Yes,EVICT,,Other,Post-acute/survivor phase EVD population with comprehensive anterior and posterior segment characterization. Surgical in,Research to Prevent Blindness Inc. (unrestricted); NIH/NEI P30-EY06360; NIH K12HD085850 (Shantha); Alcon Research Institute Young Investigator Grant (Yeh); Bayer Global Ophthalmology Awards Program (Shantha and Yeh); Marcus Foundation Combating Childhood Illness Seed Grant to Emory Global Health Institute (Yeh); Santen Inc. (Yeh and Shantha),"Commentary/narrative review summarizing the EVICT study (Shantha et al. 2018, EBioMedicine) and literature on cataract management in EVD survivors. No original primary data; synthesizes published stud"
S52,Dyal,2023,,Liberia,2014-2016,Zaire ebolavirus (EBOV),Case-case study,Retrospective (cross-sectional examination; retrospective EVD clinical history collection by questionnaire),131,131,0,"Median 36 years (range 19-69) overall; early clearers median 33 (range 19-54), late clearers median 42.5 (range 19-69), indeterminate median 30 (range 18-62)",No,ETU discharge certificate (primary); eligibility later expanded to self-reported EVD-compatible illness corroborated by witnesses,Yes,4.6,Median 898 days (range 622–1309) after ETU discharge or acute EVD; specimens collected 2017–2018,29.5,Medical provider (ophthalmologist status not stated),Tonometry,Yes,,Moderate,Other,Likely the abstract version of Eghrari 2021 full paper — flag as potential duplicate. | ⚠ PREVAIL III N=789 — possible o,"Not explicitly stated (study run by CDC, Liberia MoH, and MHSP)",All-male cohort; primarily a semen EBOV RNA persistence study—ocular findings are secondary. Ocular findings reported only by clearance group (not as an overall total): lens opacifications 8% (7/91) e
S53,Eghrari,2016,,Liberia,2014-2016,,cross-sectional,Prospective,789,789,,Younger age marginally associated with uveitis (p=0.05); no central tendency or range stated,,Serology confirmed,Yes,,Baseline evaluation (timing from EVD not stated in abstract),,,"Slit-lamp, Dilated fundus, OCT",,Yes,Unclear,PREVAIL,"12-month follow-up with median baseline 358 days post-symptom onset places this in post-acute/survivor phase. Comprehens | Year 2016 estimated (ARVO abstract, no date in PDF)",,"Abstract only—limited methodological detail extractable. Eye cohort (n=789) is larger than the 564 survivors reported in the main PREVAIL III 2019 paper (S54), suggesting a later data cutoff or update"
S54,PREVAIL III Study Group,2019,,Liberia,2014-2016,EBOV (Zaire ebolavirus),Prospective longitudinal cohort study with EVD survivors and close-contact controls,Prospective,966,564,54.7,"Survivors overall: median 29 years (IQR 19-40); children <12 yr median 8 (IQR 6-9), adolescents 12-17 yr median 14 (IQR 13-16), adults ≥18 yr median 33 (IQR 25-42)",Yes,"EBOV-specific IgG antibody ≥548 EU/ml by FANG assay (sensitivity 94.4%, specificity 96.7%); 966 of 1108 tested MoH-registry survivors seropositive (87.2%)",Yes,1.4,Median 358 days (IQR 313–405) after symptom onset for baseline visit,,Ophthalmologist,Not stated,Yes,Yes,Low,PREVAIL,Strong include — comprehensive anterior and posterior segment phenotyping with multiple quantitative prevalence estimate,National Institute of Allergy and Infectious Diseases; National Eye Institute,"Ophthalmologic examinations performed only at JFK Medical Center site (564 of 966 antibody-positive survivors; 58%); the other two enrollment sites had no eye exam. Total enrolled was 1145 survivors, "
